Name,Date,Location,Type,Region
Steinunn Porarinsdottir: Wayfinders,Now through 1/28/2024 |  National Nordic Museum,National Nordic Museum,National Nordic Museum,National Nordic Museum
Hanako O’Leary: Izanami,Now through 1/28/2024 |  Frye Art Museum,Frye Art Museum,Frye Art Museum,Frye Art Museum
Gage Alumni Show,Now through 1/28/2024 |  Fountainhead Gallery,Fountainhead Gallery,Fountainhead Gallery,Fountainhead Gallery
Genre Box,Now through 1/28/2024 |  Market Theatre,Market Theatre,Market Theatre,Market Theatre
Bohemia,Now through 1/28/2024 |  The Triple Door,The Triple Door,The Triple Door,The Triple Door
Alice in Shadowland,Now through 1/28/2024 |  12th Avenue Arts,12th Avenue Arts,12th Avenue Arts,12th Avenue Arts
Lee Ritenour and Dave Grusin,Now through 1/28/2024 |  Dimitriou's Jazz Alley,Dimitriou's Jazz Alley,Dimitriou's Jazz Alley,Dimitriou's Jazz Alley
Tacoma Home + Garden Show,Now through 1/28/2024 |  Tacoma Dome,Tacoma Dome,Tacoma Dome,Tacoma Dome
Annie Eastwood with Kimball and the Fugitives,1/28/2024 |  Sea Monster Lounge,Sea Monster Lounge,Sea Monster Lounge,Sea Monster Lounge
Black and Boujee Panel Discussion,1/28/2024 |  Bainbridge Island Museum of Art,Bainbridge Island Museum of Art,Bainbridge Island Museum of Art,Bainbridge Island Museum of Art
Celebrate Asia,1/28/2024 |  Benaroya Hall,Benaroya Hall,Benaroya Hall,Benaroya Hall
Django’s Birthday Concert with Ranger and the Re-Arrangers,1/28/2024 |  The Royal Room,The Royal Room,The Royal Room,The Royal Room
Family Day with Birds Connect Seattle,1/28/2024 |  National Nordic Museum,National Nordic Museum,National Nordic Museum,National Nordic Museum
Fossil Finders | Ice Ages,1/28/2024 |  Burke Museum,Burke Museum,Burke Museum,Burke Museum
Seattle Kraken vs. Columbus Blue Jackets,1/28/2024 |  Climate Pledge Arena,Climate Pledge Arena,Climate Pledge Arena,Climate Pledge Arena
Tacoma Stars vs. San Diego Sockers,1/28/2024 |  accesso ShoWare Center,accesso ShoWare Center,accesso ShoWare Center,accesso ShoWare Center
Adira Sharkey,1/29/2024 |  Tractor Tavern,Tractor Tavern,Tractor Tavern,Tractor Tavern
"Car, The Garden",1/29/2024 |  The Crocodile,The Crocodile,The Crocodile,The Crocodile
Walla Walla Wine On Tour,1/29/2024 |  Marion Oliver McCaw Hall,Marion Oliver McCaw Hall,Marion Oliver McCaw Hall,Marion Oliver McCaw Hall
Cheryl Wheeler,1/30/2024 |  The Triple Door,The Triple Door,The Triple Door,The Triple Door
Giantish,1/30/2024 |  High Dive,High Dive,High Dive,High Dive
Seattle Thunderbirds vs. Prince George Cougars,1/30/2024 |  accesso ShoWare Center,accesso ShoWare Center,accesso ShoWare Center,accesso ShoWare Center
A/political Rocks,Now through 1/31/2024 |  Henry Art Gallery,Henry Art Gallery,Henry Art Gallery,Henry Art Gallery
Sophia Al-Maria,Now through 1/31/2024 |  Henry Art Gallery,Henry Art Gallery,Henry Art Gallery,Henry Art Gallery
Jahari Stampley,1/30/2024 through 1/31/2024 |  Dimitriou's Jazz Alley,Dimitriou's Jazz Alley,Dimitriou's Jazz Alley,Dimitriou's Jazz Alley
FRAKTURED: Home of the Broken Beat,1/31/2024 |  High Dive,High Dive,High Dive,High Dive
G3- 25th Anniversary reunion,1/31/2024 |  The Moore Theatre,The Moore Theatre,The Moore Theatre,The Moore Theatre
JP Saxe,1/31/2024 |  The Showbox,The Showbox,The Showbox,The Showbox
Los Lobos,1/31/2024 |  The Triple Door,The Triple Door,The Triple Door,The Triple Door
The Daimonics,1/31/2024 |  The Royal Room,The Royal Room,The Royal Room,The Royal Room
BabyTron,2/1/2024 |  The Showbox,The Showbox,The Showbox,The Showbox
Battlestar Kalakala,2/1/2024 |  Sea Monster Lounge,Sea Monster Lounge,Sea Monster Lounge,Sea Monster Lounge
Catalyzing Change with Akuyea Karen Vargas,2/1/2024 |  Bainbridge Island Museum of Art,Bainbridge Island Museum of Art,Bainbridge Island Museum of Art,Bainbridge Island Museum of Art
Exceptional Failures,2/1/2024 |  Tractor Tavern,Tractor Tavern,Tractor Tavern,Tractor Tavern
Jamila Woods,2/1/2024 |  Neumos,Neumos,Neumos,Neumos
Jazz is Dead: Blue Note 85,2/1/2024 |  The Neptune Theatre,The Neptune Theatre,The Neptune Theatre,The Neptune Theatre
Michelle Cann,2/1/2024 |  Meany Center for the Performing Arts,Meany Center for the Performing Arts,Meany Center for the Performing Arts,Meany Center for the Performing Arts
Pakt,2/1/2024 |  Funhouse,Funhouse,Funhouse,Funhouse
Public Theatre,2/1/2024 |  Barboza,Barboza,Barboza,Barboza
American Flats Album Release,2/2/2024 |  The Royal Room,The Royal Room,The Royal Room,The Royal Room
Erik Walters,2/2/2024 |  Barboza,Barboza,Barboza,Barboza
Memoir,2/2/2024 |  Benaroya Hall,Benaroya Hall,Benaroya Hall,Benaroya Hall
Nora En Pure,2/2/2024 |  Showbox SoDo,Showbox SoDo,Showbox SoDo,Showbox SoDo
Poolside,2/2/2024 |  The Showbox,The Showbox,The Showbox,The Showbox
Tacoma Stars vs. Monterrey Flash,2/2/2024 |  accesso ShoWare Center,accesso ShoWare Center,accesso ShoWare Center,accesso ShoWare Center
Jaha Koo: The History of Korean Western Theatre,2/1/2024 through 2/3/2024 |  On The Boards,On The Boards,On The Boards,On The Boards
The Winds: Medley of Emotions,2/2/2024 through 2/3/2024 |  Benaroya Hall,Benaroya Hall,Benaroya Hall,Benaroya Hall
All Will Suffer,2/3/2024 |  Funhouse,Funhouse,Funhouse,Funhouse
Banned & Beloved,2/3/2024 |  Town Hall Seattle,Town Hall Seattle,Town Hall Seattle,Town Hall Seattle
Cold War Kids – 20 Years Tour,2/3/2024 |  The Moore Theatre,The Moore Theatre,The Moore Theatre,The Moore Theatre
Mau P,2/3/2024 |  The Showbox,The Showbox,The Showbox,The Showbox
Oble,2/3/2024 |  Barboza,Barboza,Barboza,Barboza
Randy Rainbow for President,2/3/2024 |  The Paramount Theatre,The Paramount Theatre,The Paramount Theatre,The Paramount Theatre
The Delta Bombers,2/3/2024 |  El Corazon,El Corazon,El Corazon,El Corazon
The Grave Plot Film Fest part 6,2/3/2024 |  Ark Lodge Cinemas,Ark Lodge Cinemas,Ark Lodge Cinemas,Ark Lodge Cinemas
Seattle Chamber Music Winter Festival,Now through 2/4/2024 |  Benaroya Hall,Benaroya Hall,Benaroya Hall,Benaroya Hall
Beethoven Emperor Concerto,2/1/2024 through 2/4/2024 |  Benaroya Hall,Benaroya Hall,Benaroya Hall,Benaroya Hall
Sergio Mendes,2/1/2024 through 2/4/2024 |  Dimitriou's Jazz Alley,Dimitriou's Jazz Alley,Dimitriou's Jazz Alley,Dimitriou's Jazz Alley
Daniel Tiger’s Neighborhood,2/4/2024 |  The Paramount Theatre,The Paramount Theatre,The Paramount Theatre,The Paramount Theatre
Family Art Day: La Vaughn Belle,2/4/2024 |  National Nordic Museum,National Nordic Museum,National Nordic Museum,National Nordic Museum
Lil Skies,2/4/2024 |  The Showbox,The Showbox,The Showbox,The Showbox
Secular and Sacred,2/4/2024 |  Town Hall Seattle,Town Hall Seattle,Town Hall Seattle,Town Hall Seattle
Criminal,2/5/2024 |  The Moore Theatre,The Moore Theatre,The Moore Theatre,The Moore Theatre
Neck Deep,2/5/2024 |  Showbox SoDo,Showbox SoDo,Showbox SoDo,Showbox SoDo
Kazu Kibuishi with Donna Barba Higuera,2/6/2024 |  Town Hall Seattle,Town Hall Seattle,Town Hall Seattle,Town Hall Seattle
Kristin Hannah,2/6/2024 |  Benaroya Hall,Benaroya Hall,Benaroya Hall,Benaroya Hall
Michael J. Gerhardt,2/6/2024 |  Town Hall Seattle,Town Hall Seattle,Town Hall Seattle,Town Hall Seattle
Night Lovell,2/6/2024 |  The Showbox,The Showbox,The Showbox,The Showbox
Soja,2/6/2024 |  The Neptune Theatre,The Neptune Theatre,The Neptune Theatre,The Neptune Theatre
Kenny Barron Trio,2/6/2024 through 2/7/2024 |  Dimitriou's Jazz Alley,Dimitriou's Jazz Alley,Dimitriou's Jazz Alley,Dimitriou's Jazz Alley
Dimiter,2/7/2024 |  Sunset Tavern,Sunset Tavern,Sunset Tavern,Sunset Tavern
Tamara Payne: The Life and Legacy of Malcolm X,2/7/2024 |  Town Hall Seattle,Town Hall Seattle,Town Hall Seattle,Town Hall Seattle
The Kills,2/7/2024 |  Showbox SoDo,Showbox SoDo,Showbox SoDo,Showbox SoDo
An Evening with Tina Campt: Black Feminist Visual Culture,2/8/2024 |  Town Hall Seattle,Town Hall Seattle,Town Hall Seattle,Town Hall Seattle
Art and Transformation,2/8/2024 |  Bainbridge Island Museum of Art,Bainbridge Island Museum of Art,Bainbridge Island Museum of Art,Bainbridge Island Museum of Art
Eric Bellinger,2/8/2024 |  The Showbox,The Showbox,The Showbox,The Showbox
Futurebirds and Nude Party,2/8/2024 |  The Neptune Theatre,The Neptune Theatre,The Neptune Theatre,The Neptune Theatre
Ilana Glazer Live,2/8/2024 |  The Moore Theatre,The Moore Theatre,The Moore Theatre,The Moore Theatre
Mister Blank,2/8/2024 |  Nectar Lounge,Nectar Lounge,Nectar Lounge,Nectar Lounge
The Thorn,2/8/2024 through 2/9/2024 |  The Paramount Theatre,The Paramount Theatre,The Paramount Theatre,The Paramount Theatre
Barry Can’t Swim,2/9/2024 |  Neumos,Neumos,Neumos,Neumos
Dark Star Orchestra,2/9/2024 |  The Showbox,The Showbox,The Showbox,The Showbox
Gov’t Mule,2/9/2024 |  The Moore Theatre,The Moore Theatre,The Moore Theatre,The Moore Theatre
Ijeoma Oluo: Be A Revolution,2/9/2024 |  Town Hall Seattle,Town Hall Seattle,Town Hall Seattle,Town Hall Seattle
Mayer Hawthorne,2/9/2024 |  The Neptune Theatre,The Neptune Theatre,The Neptune Theatre,The Neptune Theatre
Moontricks,2/9/2024 |  The Crocodile,The Crocodile,The Crocodile,The Crocodile
OBOE / OBOE,2/9/2024 |  415 Westlake,415 Westlake,415 Westlake,415 Westlake
Roots and Wings,2/9/2024 |  Rendezvous JewelBox Theater,Rendezvous JewelBox Theater,Rendezvous JewelBox Theater,Rendezvous JewelBox Theater
Seattle Boat Show,2/2/2024 through 2/10/2024 |  Lumen Field,Lumen Field,Lumen Field,Lumen Field
Randall Goosby Plays Mozart,2/8/2024 through 2/10/2024 |  Benaroya Hall,Benaroya Hall,Benaroya Hall,Benaroya Hall
Art by Design,2/9/2024 through 2/10/2024 |  Seattle Design Center,Seattle Design Center,Seattle Design Center,Seattle Design Center
The Love Show,2/9/2024 through 2/10/2024 |  The Royal Room,The Royal Room,The Royal Room,The Royal Room
Brazilian Carnaval 2024,2/10/2024 |  The Crocodile,The Crocodile,The Crocodile,The Crocodile
Chase Rice,2/10/2024 |  Showbox SoDo,Showbox SoDo,Showbox SoDo,Showbox SoDo
Joe “Mr. D”  Dombrowski,2/10/2024 |  The Moore Theatre,The Moore Theatre,The Moore Theatre,The Moore Theatre
JVNA,2/10/2024 |  The Showbox,The Showbox,The Showbox,The Showbox
Linda From Work,2/10/2024 |  Barboza,Barboza,Barboza,Barboza
The Brother Brothers,2/10/2024 |  Tractor Tavern,Tractor Tavern,Tractor Tavern,Tractor Tavern
The Temptations &  The Four Tops,2/10/2024 |  The Paramount Theatre,The Paramount Theatre,The Paramount Theatre,The Paramount Theatre
Quixote Nuevo,Now through 2/11/2024 |  Seattle Rep,Seattle Rep,Seattle Rep,Seattle Rep
Kent Stowell’s Swan Lake,2/2/2024 through 2/11/2024 |  Marion Oliver McCaw Hall,Marion Oliver McCaw Hall,Marion Oliver McCaw Hall,Marion Oliver McCaw Hall
Blood Sweat  and Tears,2/8/2024 through 2/11/2024 |  Dimitriou's Jazz Alley,Dimitriou's Jazz Alley,Dimitriou's Jazz Alley,Dimitriou's Jazz Alley
Love at the Zoo,2/10/2024 through 2/11/2024 |  Point Defiance Zoo and Aquarium,Point Defiance Zoo and Aquarium,Point Defiance Zoo and Aquarium,Point Defiance Zoo and Aquarium
Scott Bradlee’s Postmodern Jukebox,2/11/2024 |  The Paramount Theatre,The Paramount Theatre,The Paramount Theatre,The Paramount Theatre
Tourist and Amtrac,2/11/2024 |  The Showbox,The Showbox,The Showbox,The Showbox
6th Annual Sami Film Festival,2/9/2024 through 2/12/2024 |  Majestic Bay Theatres,Majestic Bay Theatres,Majestic Bay Theatres,Majestic Bay Theatres
Eliades Ochoa,2/13/2024 |  The Moore Theatre,The Moore Theatre,The Moore Theatre,The Moore Theatre
K. Wayne Yang,2/13/2024 |  Town Hall Seattle,Town Hall Seattle,Town Hall Seattle,Town Hall Seattle
Juanes,2/14/2024 |  The Moore Theatre,The Moore Theatre,The Moore Theatre,The Moore Theatre
Black Dogs,2/15/2024 |  Sea Monster Lounge,Sea Monster Lounge,Sea Monster Lounge,Sea Monster Lounge
Hear Me Talkin’ to You: Womxn and Blues,2/15/2024 |  The Royal Room,The Royal Room,The Royal Room,The Royal Room
Maddie Zahm,2/15/2024 |  The Neptune Theatre,The Neptune Theatre,The Neptune Theatre,The Neptune Theatre
Silversun Pickups,2/15/2024 |  The Moore Theatre,The Moore Theatre,The Moore Theatre,The Moore Theatre
The Brodies,2/15/2024 |  High Dive,High Dive,High Dive,High Dive
Cory Wong Winter 2024 Tour,2/16/2024 |  The Paramount Theatre,The Paramount Theatre,The Paramount Theatre,The Paramount Theatre
Left on Tenth,2/16/2024 |  High Dive,High Dive,High Dive,High Dive
Marlon Wayans,2/16/2024 |  The Moore Theatre,The Moore Theatre,The Moore Theatre,The Moore Theatre
Riley Mulherkar: Album Release Show,2/16/2024 |  The Royal Room,The Royal Room,The Royal Room,The Royal Room
Yeah!,2/16/2024 |  Nectar Lounge,Nectar Lounge,Nectar Lounge,Nectar Lounge
Circa:Humans 2.0,2/15/2024 through 2/17/2024 |  Meany Center for the Performing Arts,Meany Center for the Performing Arts,Meany Center for the Performing Arts,Meany Center for the Performing Arts
Big Business,2/17/2024 |  Tractor Tavern,Tractor Tavern,Tractor Tavern,Tractor Tavern
David Wax Museum,2/17/2024 |  Fremont Abbey Arts Center,Fremont Abbey Arts Center,Fremont Abbey Arts Center,Fremont Abbey Arts Center
Jon Batiste,2/17/2024 |  The Paramount Theatre,The Paramount Theatre,The Paramount Theatre,The Paramount Theatre
lespecial,2/17/2024 |  High Dive,High Dive,High Dive,High Dive
TobyMac Hits Deep 2024,2/17/2024 |  accesso ShoWare Center,accesso ShoWare Center,accesso ShoWare Center,accesso ShoWare Center
A Case for the Existence of God,2/2/2024 through 2/18/2024 |  ACT Theatre,ACT Theatre,ACT Theatre,ACT Theatre
Northwest Flower & Garden Festival,2/14/2024 through 2/18/2024 |  Seattle Convention Center,Seattle Convention Center,Seattle Convention Center,Seattle Convention Center
The Princess Bride in Concert with the Seattle Symphony,2/14/2024 through 2/18/2024 |  Benaroya Hall,Benaroya Hall,Benaroya Hall,Benaroya Hall
Mindi Abair Wine and Jazz Tour 2024,2/15/2024 through 2/18/2024 |  Dimitriou's Jazz Alley,Dimitriou's Jazz Alley,Dimitriou's Jazz Alley,Dimitriou's Jazz Alley
Madonna,2/17/2024 through 2/18/2024 |  Climate Pledge Arena,Climate Pledge Arena,Climate Pledge Arena,Climate Pledge Arena
Aqua Fools’ Day,2/18/2024 |  High Dive,High Dive,High Dive,High Dive
Dr. Joy Buolamwini,2/18/2024 |  Town Hall Seattle,Town Hall Seattle,Town Hall Seattle,Town Hall Seattle
La Nef: Red Sky at Night,2/18/2024 |  Town Hall Seattle,Town Hall Seattle,Town Hall Seattle,Town Hall Seattle
Love Beyond Border,2/18/2024 |  Benaroya Hall,Benaroya Hall,Benaroya Hall,Benaroya Hall
"Meet the Author: Maggie Taft, The Chieftain and the Chair",2/18/2024 |  National Nordic Museum,National Nordic Museum,National Nordic Museum,National Nordic Museum
Seattle Kraken vs. Detroit Red Wings,2/19/2024 |  Climate Pledge Arena,Climate Pledge Arena,Climate Pledge Arena,Climate Pledge Arena
The Thrifted,2/19/2024 |  High Dive,High Dive,High Dive,High Dive
Black and Boujee,Now through 2/20/2024 |  Bainbridge Island Museum of Art,Bainbridge Island Museum of Art,Bainbridge Island Museum of Art,Bainbridge Island Museum of Art
From Mozart to Matthews,2/20/2024 |  Benaroya Hall,Benaroya Hall,Benaroya Hall,Benaroya Hall
Lukas Nelson,2/20/2024 |  The Showbox,The Showbox,The Showbox,The Showbox
Mahogany – smARTfilms: Black Luxury,2/20/2024 |  Bainbridge Island Museum of Art,Bainbridge Island Museum of Art,Bainbridge Island Museum of Art,Bainbridge Island Museum of Art
Robots Who Paint,2/20/2024 |  Town Hall Seattle,Town Hall Seattle,Town Hall Seattle,Town Hall Seattle
Trask,2/20/2024 |  High Dive,High Dive,High Dive,High Dive
"Wu Han, Philip Setzer & David Finckel",2/20/2024 |  Meany Center for the Performing Arts,Meany Center for the Performing Arts,Meany Center for the Performing Arts,Meany Center for the Performing Arts
The Cookers,2/20/2024 through 2/21/2024 |  Dimitriou's Jazz Alley,Dimitriou's Jazz Alley,Dimitriou's Jazz Alley,Dimitriou's Jazz Alley
Cesar Cuauhtemoc Garcia Hernandez,2/21/2024 |  Town Hall Seattle,Town Hall Seattle,Town Hall Seattle,Town Hall Seattle
Side-by-Side with Seattle Youth Symphony Orchestra,2/21/2024 |  Benaroya Hall,Benaroya Hall,Benaroya Hall,Benaroya Hall
Bailen,2/22/2024 |  The Crocodile,The Crocodile,The Crocodile,The Crocodile
Dr. Charan Ranganath,2/22/2024 |  Town Hall Seattle,Town Hall Seattle,Town Hall Seattle,Town Hall Seattle
Mountain Holler,2/22/2024 |  High Dive,High Dive,High Dive,High Dive
Seattle Kraken vs. Vancouver Canucks,2/22/2024 |  Climate Pledge Arena,Climate Pledge Arena,Climate Pledge Arena,Climate Pledge Arena
Shabaka,2/22/2024 |  Town Hall Seattle,Town Hall Seattle,Town Hall Seattle,Town Hall Seattle
Funky Friday with F2D,Now through 2/23/2024 |  Sea Monster Lounge,Sea Monster Lounge,Sea Monster Lounge,Sea Monster Lounge
BLACKSTAR SYMPHONY: The Music of David Bowie,2/23/2024 |  Benaroya Hall,Benaroya Hall,Benaroya Hall,Benaroya Hall
Caligula’s Horse,2/23/2024 |  El Corazon,El Corazon,El Corazon,El Corazon
Opera Talk: The Making of X,2/23/2024 |  Opera Center,Opera Center,Opera Center,Opera Center
Tikkadoom and Nick Drummond,2/23/2024 |  The Royal Room,The Royal Room,The Royal Room,The Royal Room
Wreckno,2/23/2024 |  The Showbox,The Showbox,The Showbox,The Showbox
Kelly Akashi,Now through 2/24/2024 |  Henry Art Gallery,Henry Art Gallery,Henry Art Gallery,Henry Art Gallery
The Lower Depths,2/6/2024 through 2/24/2024 |  Erickson Theatre,Erickson Theatre,Erickson Theatre,Erickson Theatre
Bassekou Kouyate and Vieux Farka Toure,2/22/2024 through 2/24/2024 |  Town Hall Seattle,Town Hall Seattle,Town Hall Seattle,Town Hall Seattle
Crystal Skies,2/24/2024 |  Nectar Lounge,Nectar Lounge,Nectar Lounge,Nectar Lounge
Dan Brown Wild Symphony,2/24/2024 |  Benaroya Hall,Benaroya Hall,Benaroya Hall,Benaroya Hall
Nate Jackson,2/24/2024 |  The Moore Theatre,The Moore Theatre,The Moore Theatre,The Moore Theatre
Pink Sweat$,2/24/2024 |  The Showbox,The Showbox,The Showbox,The Showbox
Root and Branch,2/24/2024 |  Town Hall Seattle,Town Hall Seattle,Town Hall Seattle,Town Hall Seattle
Seattle Kraken vs. Minnesota Wild,2/24/2024 |  Climate Pledge Arena,Climate Pledge Arena,Climate Pledge Arena,Climate Pledge Arena
Small Island Big Song,2/24/2024 |  Meany Center for the Performing Arts,Meany Center for the Performing Arts,Meany Center for the Performing Arts,Meany Center for the Performing Arts
Born With Teeth,2/1/2024 through 2/25/2024 |  ArtsWest Playhouse and Gallery,ArtsWest Playhouse and Gallery,ArtsWest Playhouse and Gallery,ArtsWest Playhouse and Gallery
"Once More, Just For You",2/5/2024 through 2/25/2024 |  Seattle Public Theater,Seattle Public Theater,Seattle Public Theater,Seattle Public Theater
Wintergrass Music Festival,2/22/2024 through 2/25/2024 |  Hyatt Regency Bellevue,Hyatt Regency Bellevue,Hyatt Regency Bellevue,Hyatt Regency Bellevue
Klezmer Starts Here: The Music of Abe Schwartz,2/25/2024 |  The Royal Room,The Royal Room,The Royal Room,The Royal Room
Telling the Story,2/25/2024 |  Town Hall Seattle,Town Hall Seattle,Town Hall Seattle,Town Hall Seattle
Cherry Glazerr,2/26/2024 |  Neumos,Neumos,Neumos,Neumos
Dick & Angel Dare to Do It,2/26/2024 |  The Paramount Theatre,The Paramount Theatre,The Paramount Theatre,The Paramount Theatre
Seattle Kraken vs. Boston Bruins,2/26/2024 |  Climate Pledge Arena,Climate Pledge Arena,Climate Pledge Arena,Climate Pledge Arena
Hunt for Sleeping Giants | National Geographic Live,2/25/2024 through 2/27/2024 |  Benaroya Hall,Benaroya Hall,Benaroya Hall,Benaroya Hall
Big Tooth,2/27/2024 |  Sea Monster Lounge,Sea Monster Lounge,Sea Monster Lounge,Sea Monster Lounge
Eric Klinenberg,2/27/2024 |  Town Hall Seattle,Town Hall Seattle,Town Hall Seattle,Town Hall Seattle
Fresh Dressed – smARTfilms: Black Luxury,2/27/2024 |  Bainbridge Island Museum of Art,Bainbridge Island Museum of Art,Bainbridge Island Museum of Art,Bainbridge Island Museum of Art
Joy Harjo,2/27/2024 |  Town Hall Seattle,Town Hall Seattle,Town Hall Seattle,Town Hall Seattle
Anand Gopal,2/28/2024 |  Town Hall Seattle,Town Hall Seattle,Town Hall Seattle,Town Hall Seattle
Dianne Reeves,2/28/2024 |  Town Hall Seattle,Town Hall Seattle,Town Hall Seattle,Town Hall Seattle
Kassa Overall,2/28/2024 |  Nectar Lounge,Nectar Lounge,Nectar Lounge,Nectar Lounge
Playboi Carti,2/28/2024 |  Climate Pledge Arena,Climate Pledge Arena,Climate Pledge Arena,Climate Pledge Arena
Winter Brilliance,Now through 2/29/2024 |  Chihuly Garden and Glass,Chihuly Garden and Glass,Chihuly Garden and Glass,Chihuly Garden and Glass
Seattle Museum Month,2/1/2024 through 2/29/2024 |  Downtown Seattle,Downtown Seattle,Downtown Seattle,Downtown Seattle
JNA and Tavia Rhodes,2/29/2024 |  The Royal Room,The Royal Room,The Royal Room,The Royal Room
Julian Lage,2/29/2024 |  Town Hall Seattle,Town Hall Seattle,Town Hall Seattle,Town Hall Seattle
MarchFourth,2/29/2024 |  Nectar Lounge,Nectar Lounge,Nectar Lounge,Nectar Lounge
Seattle Kraken vs. Pittsburgh Penguins,2/29/2024 |  Climate Pledge Arena,Climate Pledge Arena,Climate Pledge Arena,Climate Pledge Arena
The Human Family,2/29/2024 |  LANGSTON Seattle,LANGSTON Seattle,LANGSTON Seattle,LANGSTON Seattle
Enjambre,3/1/2024 |  Nectar Lounge,Nectar Lounge,Nectar Lounge,Nectar Lounge
Fall Out Boy,3/1/2024 |  Climate Pledge Arena,Climate Pledge Arena,Climate Pledge Arena,Climate Pledge Arena
Global Rhythms: Justin Adams and Mauro Durante,3/1/2024 |  Town Hall Seattle,Town Hall Seattle,Town Hall Seattle,Town Hall Seattle
Sloane Crosley with Ben Gibbard,3/1/2024 |  Town Hall Seattle,Town Hall Seattle,Town Hall Seattle,Town Hall Seattle
Tacoma Stars vs. Harrisburg Heat,3/1/2024 |  accesso ShoWare Center,accesso ShoWare Center,accesso ShoWare Center,accesso ShoWare Center
Tommy Emmanuel,3/1/2024 |  The Moore Theatre,The Moore Theatre,The Moore Theatre,The Moore Theatre
Facades,2/1/2024 through 3/2/2024 |  Harris Harvey Gallery,Harris Harvey Gallery,Harris Harvey Gallery,Harris Harvey Gallery
Conrad Tao’s Playlist,3/1/2024 through 3/2/2024 |  Benaroya Hall,Benaroya Hall,Benaroya Hall,Benaroya Hall
Crypta,3/2/2024 |  El Corazon,El Corazon,El Corazon,El Corazon
Seattle Kraken vs. Edmonton Oilers,3/2/2024 |  Climate Pledge Arena,Climate Pledge Arena,Climate Pledge Arena,Climate Pledge Arena
Seattle Sounders FC vs. Austin FC,3/2/2024 |  Lumen Field,Lumen Field,Lumen Field,Lumen Field
Emerald City Comic Con,2/29/2024 through 3/3/2024 |  Seattle Convention Center,Seattle Convention Center,Seattle Convention Center,Seattle Convention Center
Briscoe,3/3/2024 |  Tractor Tavern,Tractor Tavern,Tractor Tavern,Tractor Tavern
Tacoma Stars vs. Harrisburg Heat,3/3/2024 |  accesso ShoWare Center,accesso ShoWare Center,accesso ShoWare Center,accesso ShoWare Center
Eve’s Bayou – smARTfilms: Black Luxury,3/5/2024 |  Bainbridge Island Museum of Art,Bainbridge Island Museum of Art,Bainbridge Island Museum of Art,Bainbridge Island Museum of Art
Atlus,3/7/2024 |  Nectar Lounge,Nectar Lounge,Nectar Lounge,Nectar Lounge
Calidore Quartet & Abeo Quartet,3/8/2024 |  415 Westlake,415 Westlake,415 Westlake,415 Westlake
Holding / Movement,3/8/2024 |  Benaroya Hall,Benaroya Hall,Benaroya Hall,Benaroya Hall
Seattle Kraken vs. Winnipeg Jets,3/8/2024 |  Climate Pledge Arena,Climate Pledge Arena,Climate Pledge Arena,Climate Pledge Arena
X:The Life and Times of Malcolm X,2/24/2024 through 3/9/2024 |  Marion Oliver McCaw Hall,Marion Oliver McCaw Hall,Marion Oliver McCaw Hall,Marion Oliver McCaw Hall
Bach St. John Passion,3/7/2024 through 3/9/2024 |  Benaroya Hall,Benaroya Hall,Benaroya Hall,Benaroya Hall
Ariel Pink,3/9/2024 |  El Corazon,El Corazon,El Corazon,El Corazon
Helene Grimaud,3/9/2024 |  Meany Center for the Performing Arts,Meany Center for the Performing Arts,Meany Center for the Performing Arts,Meany Center for the Performing Arts
Josiah and the Bonnevilles,3/9/2024 |  Barboza,Barboza,Barboza,Barboza
Mahan Esfahan,3/9/2024 |  Town Hall Seattle,Town Hall Seattle,Town Hall Seattle,Town Hall Seattle
Positive Fragmentation,Now through 3/10/2024 |  Bellevue Arts Museum,Bellevue Arts Museum,Bellevue Arts Museum,Bellevue Arts Museum
Antonio M. Gomez: LINEAJES,Now through 3/10/2024 |  Frye Art Museum,Frye Art Museum,Frye Art Museum,Frye Art Museum
Soren Solkaer: Sort Sol,Now through 3/10/2024 |  National Nordic Museum,National Nordic Museum,National Nordic Museum,National Nordic Museum
Luchadora!,2/22/2024 through 3/10/2024 |  Seattle Children's Theatre,Seattle Children's Theatre,Seattle Children's Theatre,Seattle Children's Theatre
Wild Cats Revealed | National Geographic Live,3/10/2024 through 3/12/2024 |  Benaroya Hall,Benaroya Hall,Benaroya Hall,Benaroya Hall
Seattle Kraken vs. Vegas Golden Knights,3/12/2024 |  Climate Pledge Arena,Climate Pledge Arena,Climate Pledge Arena,Climate Pledge Arena
Seattle Kraken vs. Washington Capitals,3/14/2024 |  Climate Pledge Arena,Climate Pledge Arena,Climate Pledge Arena,Climate Pledge Arena
Autoheart,3/15/2024 |  El Corazon,El Corazon,El Corazon,El Corazon
The Snuts,3/15/2024 |  Barboza,Barboza,Barboza,Barboza
Mark Morris Dance Group: The Look of Love,3/14/2024 through 3/16/2024 |  Meany Center for the Performing Arts,Meany Center for the Performing Arts,Meany Center for the Performing Arts,Meany Center for the Performing Arts
Sibelius & Nielsen,3/14/2024 through 3/16/2024 |  Benaroya Hall,Benaroya Hall,Benaroya Hall,Benaroya Hall
Tacoma Stars vs. Chihuahua Savage,3/15/2024 through 3/16/2024 |  accesso ShoWare Center,accesso ShoWare Center,accesso ShoWare Center,accesso ShoWare Center
Seattle Kraken vs. Nashville Predators,3/16/2024 |  Climate Pledge Arena,Climate Pledge Arena,Climate Pledge Arena,Climate Pledge Arena
Seattle Sounders FC vs. Colorado Rapids,3/16/2024 |  Lumen Field,Lumen Field,Lumen Field,Lumen Field
Native Portraiture: Power and Perception,Now through 3/17/2024 |  Tacoma Art Museum,Tacoma Art Museum,Tacoma Art Museum,Tacoma Art Museum
Places to Call Home: Settlements in the West,Now through 3/17/2024 |  Tacoma Art Museum,Tacoma Art Museum,Tacoma Art Museum,Tacoma Art Museum
Nobody Lives Here,Now through 3/17/2024 |  Wing Luke Museum,Wing Luke Museum,Wing Luke Museum,Wing Luke Museum
Rootabaga Country,3/8/2024 through 3/17/2024 |  Opera Center,Opera Center,Opera Center,Opera Center
Seattle Kraken vs. Buffalo Sabres,3/18/2024 |  Climate Pledge Arena,Climate Pledge Arena,Climate Pledge Arena,Climate Pledge Arena
Tacoma Stars vs. Empire Strykers,3/23/2024 |  accesso ShoWare Center,accesso ShoWare Center,accesso ShoWare Center,accesso ShoWare Center
Something’s Afoot,3/1/2024 through 3/24/2024 |  The 5th Avenue Theatre,The 5th Avenue Theatre,The 5th Avenue Theatre,The 5th Avenue Theatre
One Thousand Pieces,3/15/2024 through 3/24/2024 |  Marion Oliver McCaw Hall,Marion Oliver McCaw Hall,Marion Oliver McCaw Hall,Marion Oliver McCaw Hall
Simon Trpceski Plays Tchaikovsky,3/21/2024 through 3/24/2024 |  Benaroya Hall,Benaroya Hall,Benaroya Hall,Benaroya Hall
Celebrate Holi! Spring Festival of Colors from South Asia,3/24/2024 |  Burke Museum,Burke Museum,Burke Museum,Burke Museum
Seattle Kraken vs. Montreal Canadiens,3/24/2024 |  Climate Pledge Arena,Climate Pledge Arena,Climate Pledge Arena,Climate Pledge Arena
Seattle Kraken vs. Anaheim Ducks,3/26/2024 |  Climate Pledge Arena,Climate Pledge Arena,Climate Pledge Arena,Climate Pledge Arena
Seattle Kraken vs. Anaheim Ducks,3/28/2024 |  Climate Pledge Arena,Climate Pledge Arena,Climate Pledge Arena,Climate Pledge Arena
Tim McGraw,3/29/2024 |  Climate Pledge Arena,Climate Pledge Arena,Climate Pledge Arena,Climate Pledge Arena
Harold and the Purple Crayon,3/23/2024 through 3/30/2024 |  Marion Oliver McCaw Hall,Marion Oliver McCaw Hall,Marion Oliver McCaw Hall,Marion Oliver McCaw Hall
Monster Jam,3/30/2024 |  Lumen Field,Lumen Field,Lumen Field,Lumen Field
Seattle Kraken vs. Dallas Stars,3/30/2024 |  Climate Pledge Arena,Climate Pledge Arena,Climate Pledge Arena,Climate Pledge Arena
Illuminate: Glass Art for Early Learners,Now through 3/31/2024 |  Museum of Glass,Museum of Glass,Museum of Glass,Museum of Glass
Al Young’s 1970 Dodge Challenger Drag Racer,Now through 3/31/2024 |  Museum of History & Industry,Museum of History & Industry,Museum of History & Industry,Museum of History & Industry
Shine On Seattle,Now through 3/31/2024 |  Pioneer Square,Pioneer Square,Pioneer Square,Pioneer Square
Sanctuary City,3/1/2024 through 3/31/2024 |  Seattle Rep,Seattle Rep,Seattle Rep,Seattle Rep
Stew,3/15/2024 through 3/31/2024 |  ACT Theatre,ACT Theatre,ACT Theatre,ACT Theatre
Luis Miguel,4/4/2024 |  Climate Pledge Arena,Climate Pledge Arena,Climate Pledge Arena,Climate Pledge Arena
Taylor Raven and Duke Kim in Recital,4/4/2024 |  Opera Center,Opera Center,Opera Center,Opera Center
Jo Koy,4/5/2024 |  Climate Pledge Arena,Climate Pledge Arena,Climate Pledge Arena,Climate Pledge Arena
Copland Appalachian Spring,4/4/2024 through 4/6/2024 |  Benaroya Hall,Benaroya Hall,Benaroya Hall,Benaroya Hall
Seattle Sounders FC vs. CF Montreal,4/6/2024 |  Lumen Field,Lumen Field,Lumen Field,Lumen Field
Tom Segura,4/6/2024 |  Climate Pledge Arena,Climate Pledge Arena,Climate Pledge Arena,Climate Pledge Arena
La Vaughn Belle: A History of Unruly Returns,Now through 4/7/2024 |  National Nordic Museum,National Nordic Museum,National Nordic Museum,National Nordic Museum
Beetlejuice,4/2/2024 through 4/7/2024 |  The Paramount Theatre,The Paramount Theatre,The Paramount Theatre,The Paramount Theatre
Seattle Kraken vs. Arizona Coyotes,4/9/2024 |  Climate Pledge Arena,Climate Pledge Arena,Climate Pledge Arena,Climate Pledge Arena
Seattle Kraken vs. San Jose Sharks,4/11/2024 |  Climate Pledge Arena,Climate Pledge Arena,Climate Pledge Arena,Climate Pledge Arena
The Percussion: Sounds from Home,4/12/2024 through 4/13/2024 |  Benaroya Hall,Benaroya Hall,Benaroya Hall,Benaroya Hall
Honoring 50 Years of Papunya Tula Painting,Now through 4/14/2024 |  Seattle Art Museum,Seattle Art Museum,Seattle Art Museum,Seattle Art Museum
The Moors,3/22/2024 through 4/14/2024 |  Seattle Public Theater,Seattle Public Theater,Seattle Public Theater,Seattle Public Theater
Mahler Symphony No. 3,4/11/2024 through 4/14/2024 |  Benaroya Hall,Benaroya Hall,Benaroya Hall,Benaroya Hall
Best of the Northwest Spring Show,4/13/2024 through 4/14/2024 |  Magnuson Park,Magnuson Park,Magnuson Park,Magnuson Park
An Evening with Jinjoo Cho,4/19/2024 |  415 Westlake,415 Westlake,415 Westlake,415 Westlake
Dvorak Symphony No. 6,4/18/2024 through 4/20/2024 |  Benaroya Hall,Benaroya Hall,Benaroya Hall,Benaroya Hall
Seattle Sounders FC vs. Vancouver Whitecaps FC,4/20/2024 |  Lumen Field,Lumen Field,Lumen Field,Lumen Field
The Seasons’ Canon,4/12/2024 through 4/21/2024 |  Marion Oliver McCaw Hall,Marion Oliver McCaw Hall,Marion Oliver McCaw Hall,Marion Oliver McCaw Hall
DRUM TAO 30th Anniversary,4/22/2024 |  Benaroya Hall,Benaroya Hall,Benaroya Hall,Benaroya Hall
AJR,4/26/2024 |  Climate Pledge Arena,Climate Pledge Arena,Climate Pledge Arena,Climate Pledge Arena
Disney’s Aladdin,4/24/2024 through 4/28/2024 |  The Paramount Theatre,The Paramount Theatre,The Paramount Theatre,The Paramount Theatre
Antarctic Symphony,4/25/2024 through 4/28/2024 |  Benaroya Hall,Benaroya Hall,Benaroya Hall,Benaroya Hall
Noah Geller’s Playlist,5/3/2024 through 5/4/2024 |  Benaroya Hall,Benaroya Hall,Benaroya Hall,Benaroya Hall
Broadway Spectacular,5/4/2024 |  Cornish Playhouse at Seattle Center,Cornish Playhouse at Seattle Center,Cornish Playhouse at Seattle Center,Cornish Playhouse at Seattle Center
Jessica Jackson Hutchins: Wrecked and Righteous,Now through 5/5/2024 |  Frye Art Museum,Frye Art Museum,Frye Art Museum,Frye Art Museum
The Lion Tells His Tale,5/1/2024 through 5/5/2024 |  Broadway Performance Hall,Broadway Performance Hall,Broadway Performance Hall,Broadway Performance Hall
Seattle Sounders FC vs. LA Galaxy,5/5/2024 |  Lumen Field,Lumen Field,Lumen Field,Lumen Field
Melanie Martinez,5/10/2024 |  Climate Pledge Arena,Climate Pledge Arena,Climate Pledge Arena,Climate Pledge Arena
"Guma’ Gela:  Part Land, Part Sea, All Ancestry",Now through 5/12/2024 |  Wing Luke Museum,Wing Luke Museum,Wing Luke Museum,Wing Luke Museum
Jaune Quick-to-See Smith: Memory Map,2/29/2024 through 5/12/2024 |  Seattle Art Museum,Seattle Art Museum,Seattle Art Museum,Seattle Art Museum
Fat Ham,4/12/2024 through 5/12/2024 |  Seattle Rep,Seattle Rep,Seattle Rep,Seattle Rep
A Tale of Peter Rabbit,4/25/2024 through 5/12/2024 |  Seattle Children's Theatre,Seattle Children's Theatre,Seattle Children's Theatre,Seattle Children's Theatre
The Lehman Trilogy,4/26/2024 through 5/12/2024 |  ACT Theatre,ACT Theatre,ACT Theatre,ACT Theatre
The Untold Story of Sharks | National Geographic Live,5/12/2024 through 5/14/2024 |  Benaroya Hall,Benaroya Hall,Benaroya Hall,Benaroya Hall
Seattle Storm vs Minnesota Lynx,5/14/2024 |  Climate Pledge Arena,Climate Pledge Arena,Climate Pledge Arena,Climate Pledge Arena
Mother,5/17/2024 |  415 Westlake,415 Westlake,415 Westlake,415 Westlake
Barber Violin Concerto,5/16/2024 through 5/18/2024 |  Benaroya Hall,Benaroya Hall,Benaroya Hall,Benaroya Hall
Seattle Sounders FC vs. Vancouver Whitecaps FC,5/18/2024 |  Lumen Field,Lumen Field,Lumen Field,Lumen Field
Seattle Storm vs. Indiana Fever,5/22/2024 |  Climate Pledge Arena,Climate Pledge Arena,Climate Pledge Arena,Climate Pledge Arena
The Barber of Seville,5/4/2024 through 5/24/2024 |  Marion Oliver McCaw Hall,Marion Oliver McCaw Hall,Marion Oliver McCaw Hall,Marion Oliver McCaw Hall
Seattle Storm vs. Washington Mystics,5/25/2024 |  Climate Pledge Arena,Climate Pledge Arena,Climate Pledge Arena,Climate Pledge Arena
Seattle Sounders FC vs. Real Salt Lake,5/29/2024 |  Lumen Field,Lumen Field,Lumen Field,Lumen Field
Unriveled,5/10/2024 through 6/2/2024 |  Seattle Public Theater,Seattle Public Theater,Seattle Public Theater,Seattle Public Theater
Seattle Storm vs. Phoenix Mercury,6/4/2024 |  Climate Pledge Arena,Climate Pledge Arena,Climate Pledge Arena,Climate Pledge Arena
George Balenchine’s Coppelia,5/31/2024 through 6/9/2024 |  Marion Oliver McCaw Hall,Marion Oliver McCaw Hall,Marion Oliver McCaw Hall,Marion Oliver McCaw Hall
Jan Lisiecki Plays Prokofiev,6/6/2024 through 6/9/2024 |  Benaroya Hall,Benaroya Hall,Benaroya Hall,Benaroya Hall
Seattle Storm vs. Los Angeles Sparks,6/11/2024 |  Climate Pledge Arena,Climate Pledge Arena,Climate Pledge Arena,Climate Pledge Arena
Beethoven Symphony No. 5,6/13/2024 through 6/15/2024 |  Benaroya Hall,Benaroya Hall,Benaroya Hall,Benaroya Hall
Elizabeth Malaska: All Be Your Mirror,Now through 6/16/2024 |  Seattle Art Museum,Seattle Art Museum,Seattle Art Museum,Seattle Art Museum
Joshua Bell Plays Elements Concerto,6/20/2024 through 6/22/2024 |  Benaroya Hall,Benaroya Hall,Benaroya Hall,Benaroya Hall
Seattle Sounders FC vs. Minnesota United FC,6/22/2024 |  Lumen Field,Lumen Field,Lumen Field,Lumen Field
"Together Again, Again!",5/31/2024 through 6/23/2024 |  Seattle Rep,Seattle Rep,Seattle Rep,Seattle Rep
2024 KPMG Women’s PGA Championship,6/20/2024 through 6/23/2024 |  Sahalee Country Club,Sahalee Country Club,Sahalee Country Club,Sahalee Country Club
Lip Sync for Our Rights,6/22/2024 through 6/23/2024 |  Marion Oliver McCaw Hall,Marion Oliver McCaw Hall,Marion Oliver McCaw Hall,Marion Oliver McCaw Hall
Seattle Storm vs. Connecticut Sun,6/23/2024 |  Climate Pledge Arena,Climate Pledge Arena,Climate Pledge Arena,Climate Pledge Arena
Seattle Storm vs. Indiana Fever,6/27/2024 |  Climate Pledge Arena,Climate Pledge Arena,Climate Pledge Arena,Climate Pledge Arena
Company,6/23/2024 through 6/28/2024 |  The Paramount Theatre,The Paramount Theatre,The Paramount Theatre,The Paramount Theatre
Seattle Storm vs. Dallas Wings,6/29/2024 |  Climate Pledge Arena,Climate Pledge Arena,Climate Pledge Arena,Climate Pledge Arena
Sounders FC vs. Chicago Fire FC,6/29/2024 |  Lumen Field,Lumen Field,Lumen Field,Lumen Field
2024 University of Washington MFA + MDes Thesis Exhibition,5/24/2024 through 6/30/2024 |  Henry Art Gallery,Henry Art Gallery,Henry Art Gallery,Henry Art Gallery
Spring Awakening,6/7/2024 through 6/30/2024 |  The 5th Avenue Theatre,The 5th Avenue Theatre,The 5th Avenue Theatre,The 5th Avenue Theatre
Girl From The North Country,6/25/2024 through 6/30/2024 |  The Paramount Theatre,The Paramount Theatre,The Paramount Theatre,The Paramount Theatre
Seattle Storm vs Dallas Wings,7/1/2024 |  Climate Pledge Arena,Climate Pledge Arena,Climate Pledge Arena,Climate Pledge Arena
Seattle Storm vs. Chicago Sky,7/5/2024 |  Climate Pledge Arena,Climate Pledge Arena,Climate Pledge Arena,Climate Pledge Arena
"Anida Yoeu Ali: Hybrid Skin, Mythical Presence",Now through 7/7/2024 |  Seattle Asian Art Museum,Seattle Asian Art Museum,Seattle Asian Art Museum,Seattle Asian Art Museum
Seattle Storm vs.Chicago Sky,7/7/2024 |  Climate Pledge Arena,Climate Pledge Arena,Climate Pledge Arena,Climate Pledge Arena
Seattle Storm vs. Las Vegas Aces,7/10/2024 |  Climate Pledge Arena,Climate Pledge Arena,Climate Pledge Arena,Climate Pledge Arena
Seattle Storm vs. Minnesota Lynx,7/12/2024 |  Climate Pledge Arena,Climate Pledge Arena,Climate Pledge Arena,Climate Pledge Arena
Seattle Storm vs. Atlanta Dream,7/14/2024 |  Climate Pledge Arena,Climate Pledge Arena,Climate Pledge Arena,Climate Pledge Arena
Seattle Sounders FC vs. Los Angeles FC,7/20/2024 |  Lumen Field,Lumen Field,Lumen Field,Lumen Field
Nordic Utopia: African Americans in the 20th Century,3/22/2024 through 7/21/2024 |  National Nordic Museum,National Nordic Museum,National Nordic Museum,National Nordic Museum
Clue,7/9/2024 through 7/21/2024 |  The 5th Avenue Theatre,The 5th Avenue Theatre,The 5th Avenue Theatre,The 5th Avenue Theatre
"Be Water, My Friend: The Teachings Of Bruce Lee",Now through 7/28/2024 |  Wing Luke Museum,Wing Luke Museum,Wing Luke Museum,Wing Luke Museum
Olivia Rodrigo,8/6/2024 through 8/7/2024 |  Climate Pledge Arena,Climate Pledge Arena,Climate Pledge Arena,Climate Pledge Arena
Seattle Storm vs. Washington Mystics,8/26/2024 |  Climate Pledge Arena,Climate Pledge Arena,Climate Pledge Arena,Climate Pledge Arena
Seattle Storm vs. Atlanta Dream,8/28/2024 |  Climate Pledge Arena,Climate Pledge Arena,Climate Pledge Arena,Climate Pledge Arena
Seattle Storm vs. New York Liberty,8/30/2024 |  Climate Pledge Arena,Climate Pledge Arena,Climate Pledge Arena,Climate Pledge Arena
Hidden Worlds: The Films of LAIKA,Now through 8/31/2024 |  MoPOP Museum of Pop Culture,MoPOP Museum of Pop Culture,MoPOP Museum of Pop Culture,MoPOP Museum of Pop Culture
Poke in the Eye: Art of the West Coast Counterculture,6/21/2024 through 9/2/2024 |  Seattle Art Museum,Seattle Art Museum,Seattle Art Museum,Seattle Art Museum
"Chicago and Earth, Wind & Fire,",9/3/2024 |  Climate Pledge Arena,Climate Pledge Arena,Climate Pledge Arena,Climate Pledge Arena
Seattle Storm vs. Phoenix Mercury,9/7/2024 |  Climate Pledge Arena,Climate Pledge Arena,Climate Pledge Arena,Climate Pledge Arena
Sound Check! The Music We Make,Now through 9/14/2024 |  Wing Luke Museum,Wing Luke Museum,Wing Luke Museum,Wing Luke Museum
Seattle Sounders FC vs. Sporting Kansas City,9/15/2024 |  Lumen Field,Lumen Field,Lumen Field,Lumen Field
Seattle Storm vs. Los Angeles Sparks,9/15/2024 |  Climate Pledge Arena,Climate Pledge Arena,Climate Pledge Arena,Climate Pledge Arena
Seattle Storm vs. Las Vegas Aces,9/17/2024 |  Climate Pledge Arena,Climate Pledge Arena,Climate Pledge Arena,Climate Pledge Arena
Seattle Sounders FC vs. San Jose Earthquakes,9/18/2024 |  Lumen Field,Lumen Field,Lumen Field,Lumen Field
Seatle Sounders FC vs. Houston Dynamo,9/28/2024 |  Lumen Field,Lumen Field,Lumen Field,Lumen Field
Raul de Nieves,Now through 9/30/2024 |  Henry Art Gallery,Henry Art Gallery,Henry Art Gallery,Henry Art Gallery
Seattle Sounders FC vs. Portland Timbers,10/19/2024 |  Lumen Field,Lumen Field,Lumen Field,Lumen Field
Sebastian Maniscalco,10/25/2024 |  Climate Pledge Arena,Climate Pledge Arena,Climate Pledge Arena,Climate Pledge Arena
Frye Salon,Now through 10/27/2024 |  Frye Art Museum,Frye Art Museum,Frye Art Museum,Frye Art Museum
On Native Land: Landscapes from the Haub Family Collection,Now through 11/17/2024 |  Tacoma Art Museum,Tacoma Art Museum,Tacoma Art Museum,Tacoma Art Museum
Joyce J. Scott: Walk a Mile in My Dreams,10/17/2024 through 1/20/2025 |  Seattle Art Museum,Seattle Art Museum,Seattle Art Museum,Seattle Art Museum
Washi Transformed New Expressions in Japanese Paper,2/2/2024 through 4/26/2026 |  Bellevue Arts Museum,Bellevue Arts Museum,Bellevue Arts Museum,Bellevue Arts Museum
Explore The Market,Ongoing |  Pike Place Market,Pike Place Market,Pike Place Market,Pike Place Market
Olympic Sculpture Park,Ongoing |  Olympic Sculpture Park,Olympic Sculpture Park,Olympic Sculpture Park,Olympic Sculpture Park
Infinite Worlds of Science Fiction,Ongoing |  MoPOP Museum of Pop Culture,MoPOP Museum of Pop Culture,MoPOP Museum of Pop Culture,MoPOP Museum of Pop Culture
"Wild Blue Angel: Hendrix Abroad, 1966-70",Ongoing |  MoPOP Museum of Pop Culture,MoPOP Museum of Pop Culture,MoPOP Museum of Pop Culture,MoPOP Museum of Pop Culture
John Grade: Middle Fork,Ongoing |  Seattle Art Museum,Seattle Art Museum,Seattle Art Museum,Seattle Art Museum
Scared to Death: The Thrill of Horror Film,Ongoing |  MoPOP Museum of Pop Culture,MoPOP Museum of Pop Culture,MoPOP Museum of Pop Culture,MoPOP Museum of Pop Culture
Nirvana: Taking Punk To the Masses,Ongoing |  MoPOP Museum of Pop Culture,MoPOP Museum of Pop Culture,MoPOP Museum of Pop Culture,MoPOP Museum of Pop Culture
Vietnam Divided: War Above Southeast Asia,Ongoing |  The Museum of Flight,The Museum of Flight,The Museum of Flight,The Museum of Flight
Science Fiction and Fantasy Hall of Fame,Ongoing |  MoPOP Museum of Pop Culture,MoPOP Museum of Pop Culture,MoPOP Museum of Pop Culture,MoPOP Museum of Pop Culture
Cambodian Cultural Museum and Killing Fields Memorial,Ongoing |  Wing Luke Museum,Wing Luke Museum,Wing Luke Museum,Wing Luke Museum
Honoring Our Journey,Ongoing |  Wing Luke Museum,Wing Luke Museum,Wing Luke Museum,Wing Luke Museum
Spotlight on Dale Chihuly: Works from Museum of Glass Permanent Collection,Ongoing |  Museum of Glass,Museum of Glass,Museum of Glass,Museum of Glass
Great Hall of Washington History,Ongoing |  Washington State History Museum,Washington State History Museum,Washington State History Museum,Washington State History Museum
Humboldt Penguin Exhibit,Ongoing |  Woodland Park Zoo,Woodland Park Zoo,Woodland Park Zoo,Woodland Park Zoo
Giant Pacific Octopus,Ongoing |  Seattle Aquarium,Seattle Aquarium,Seattle Aquarium,Seattle Aquarium
Meet our Marine Mammals,Ongoing |  Seattle Aquarium,Seattle Aquarium,Seattle Aquarium,Seattle Aquarium
Window on Washington Waters,Ongoing |  Seattle Aquarium,Seattle Aquarium,Seattle Aquarium,Seattle Aquarium
Guitar Gallery,Ongoing |  MoPOP Museum of Pop Culture,MoPOP Museum of Pop Culture,MoPOP Museum of Pop Culture,MoPOP Museum of Pop Culture
Nordic Journeys,Ongoing |  National Nordic Museum,National Nordic Museum,National Nordic Museum,National Nordic Museum
Baird’s beaked whale,Ongoing |  Burke Museum,Burke Museum,Burke Museum,Burke Museum
Amazing Life,Ongoing |  Burke Museum,Burke Museum,Burke Museum,Burke Museum
